,owner,value,date
0,0xf977814e90da44bfa03b6295a0616a897441acec,100000000.0,2014-12-22
1,0xbe0eb53f46cd790cd13851d5eff43d12404d33e8,0.0,2014-12-22
2,0x28c6c06298d514db089934071355e5743bf21d60,24428662.165444724,2014-12-22
3,0x34ea4138580435b5a521e460035edb19df1938c1,184435.4419080029,2014-12-22
4,0x4976a4a02f38326660d17bf34b431dc6e2eb2327,0.0,2014-12-22
5,0x56eddb7aa87536c09ccc2793473599fd21a8b17f,0.0,2014-12-22
6,0xdfd5293d8e347dfe59e90efd55b2956a1343963d,7064865.2613582,2014-12-22
7,0x9696f59e4d72e237be84ffd425dcad154bf96976,0.0,2014-12-22
8,0x06a0048079ec6571cd1b537418869cde6191d42d,0.0,2014-12-22
9,0x21a31ee1afc51d94c2efccaa2092ad1028285549,3696811.8599441284,2014-12-22
10,0xf60c2ea62edbfe808163751dd0d8693dcb30019c,441037.1634952326,2014-12-22
11,0xda9dfa130df4de4673b89022ee50ff26f6ea73cf,2292409.0,2014-12-22
12,0x267be1c1d684f78cb4f6a176c4911b741e4ffdc0,5.0,2014-12-22
13,0x2910543af39aba0cd09dbb2d50200b3e800a63d2,0.0,2014-12-22
14,0xb5d85cbf7cb3ee0d56b3bb207d5fc4b82f43f511,99.089808959817,2014-12-22
15,0x3cd751e6b0078be393132286c442345e5dc49699,22.011972154686305,2014-12-22
16,0xddfabcdc4d8ffc6d5beaf154f18b778f892a0740,0.008570373932622586,2014-12-22
17,0xeb2629a2734e272bcc07bda959863f316f4bd4cf,0.00733903,2014-12-22
18,0x503828976d22510aad0201ac7ec88293211d23da,520.3963633257614,2014-12-22
19,0x71660c4005ba85c37ccec55d0c4493e66fe775d3,0.000178462494564059,2014-12-22
20,0xd6216fc19db775df9774a6e33526131da7d19a2c,3696795.0,2014-12-22
21,0xd89350284c7732163765b23338f2ff27449e0bf5,0.0,2014-12-22
22,0xcad621da75a66c7a8f4ff86d30a2bf981bfc8fdd,0.0,2014-12-22
23,0x1692e170361cefd1eb7240ec13d048fd9af6d667,0.0,2014-12-22
24,0xa7efae728d2936e78bda97dc267687568dd593f3,0.0,2014-12-22
25,0x98ec059dc3adfbdd63429454aeb0c990fba4a128,0.0,2014-12-22
26,0x2c8fbb630289363ac80705a1a61273f76fd5a161,3288685.99609905,2014-12-22
27,0x6cc5f688a315f3dc28a7781717a9a798a59fda7b,4701377.830124828,2014-12-22
28,0x61edcdf5bb737adffe5043706e7c5bb1f1a56eea,0.0,2014-12-22
29,0xd69b0089d9ca950640f5dc9931a41a5965f00303,0.0,2014-12-22
30,0xd24400ae8bfebb18ca49be86258a3c749cf46853,0.0,2014-12-22
31,0x742d35cc6634c0532925a3b844bc454e4438f44e,0.0,2014-12-22
32,0x59448fe20378357f206880c58068f095ae63d5a5,0.0,2014-12-22
33,0x36a85757645e8e8aec062a1dee289c7d615901ca,0.0,2014-12-22
34,0x1b8766d041567eed306940c587e21c06ab968663,0.0,2014-12-22
35,0x5a710a3cdf2af218740384c52a10852d8870626a,0.0,2014-12-22
36,0x4fdd5eb2fb260149a3903859043e962ab89d8ed4,0.0,2014-12-22
37,0xc61b9bb3a7a0767e3179713f3a5c7a9aedce193c,0.0,2014-12-22
38,0x28140cb1ac771d4add91ee23788e50249c10263d,0.0,2014-12-22
39,0xc56fefd1028b0534bfadcdb580d3519b5586246e,0.0,2014-12-22
40,0x876eabf441b2ee5b5b0554fd502a8e0600950cfa,0.0,2014-12-22
41,0x0b73f67a49273fc4b9a65dbd25d7d0918e734e63,0.0,2014-12-22
42,0x3f7e77b627676763997344a1ad71acb765fc8ac5,0.0,2014-12-22
43,0x53b36141490c419fa27ecabfeb8be1ecadc82431,0.0,2014-12-22
44,0x0cd76cd43992c665fdc2d8ac91b935ca3165e782,0.0,2014-12-22
45,0x0a98fb70939162725ae66e626fe4b52cff62c2e5,0.0,2014-12-22
46,0x28ffe35688ffffd0659aee2e34778b0ae4e193ad,0.0,2014-12-22
47,0xcac725bef4f114f728cbcfd744a731c2a463c3fc,0.0,2014-12-22
48,0xb4cd0386d2db86f30c1a11c2b8c4f4185c1dade9,0.0,2014-12-22
49,0x558553d54183a8542f7832742e7b4ba9c33aa1e6,0.0,2014-12-22
50,0xfbb1b73c4f0bda4f67dca266ce6ef42f520fbb98,435349.91392573,2014-12-22
51,0x2faf487a4414fe77e2327f0bf4ae2a264a776ad2,0.0,2014-12-22
52,0xc098b2a3aa256d2140208c3de6543aaef5cd3a94,0.0,2014-12-22
53,0x3e40d73eb977dc6a537af587d48316fee66e9c8c,20992258.854464,2014-12-22
54,0x1522900b6dafac587d499a862861c0869be6e428,182437.63128817547,2014-12-22
55,0xa910f92acdaf488fa6ef02174fb86208ad7722ba,208399.9104443495,2014-12-22
56,0x46340b20830761efd32832a74d7169b29feb9758,6241967.136232443,2014-12-22
57,0xeea81c4416d71cef071224611359f6f99a4c4294,864293.5506646167,2014-12-22
58,0xfb8131c260749c7835a08ccbdb64728de432858e,257310.62335713406,2014-12-22
59,0x000000000000000000000000000000000000dead,7666.930233070725,2014-12-22
60,0xa0b86991c6218b36c1d19d4a2e9eb0ce3606eb48,162.306008145662,2014-12-22
61,0x0000000000000000000000000000000000000000,8925.753589358457,2014-12-22
62,0x78605df79524164911c144801f41e9811b7db73d,0.0,2014-12-22
63,0x9bdb521a97e95177bf252c253e256a60c3e14447,0.0,2014-12-22
64,0x6dd5a9f47cfbc44c04a0a4452f0ba792ebfbcc9a,996265.2723487655,2014-12-22
65,0x4f6742badb049791cd9a37ea913f2bac38d01279,8094.649902830295,2014-12-22
66,0xd1669ac6044269b59fa12c5822439f609ca54f41,145599.63409315838,2014-12-22
67,0xc9f5296eb3ac266c94568d790b6e91eba7d76a11,17857.049157326735,2014-12-22
68,0xc9f5296eb3ac266c94568d790b6e91eba7d76a11,17857.049157326735,2014-12-22
69,0x4b1a99467a284cc690e3237bc69105956816f762,0.0,2014-12-22
70,0x562680a4dc50ed2f14d75bf31f494cfe0b8d10a1,242667.21243012458,2014-12-22
71,0x500a746c9a44f68fe6aa86a92e7b3af4f322ae66,62642.39359074275,2014-12-22
72,0xde21f729137c5af1b01d73af1dc21effa2b8a0d6,570169.4052264999,2014-12-22
73,0x2a549b4af9ec39b03142da6dc32221fc390b5533,3.0779567383534627,2014-12-22
74,0x3ddfa8ec3052539b6c9549f12cea2c295cff5296,0.0,2014-12-22
75,0xae2d4617c862309a3d75a0ffb358c7a5009c673f,0.0,2014-12-22
76,0xa9d1e08c7793af67e9d92fe308d5697fb81d3e43,3606283.5711110723,2014-12-22
77,0x8d6f396d210d385033b348bcae9e4f9ea4e045bd,14350000.0,2014-12-22
78,0x5041ed759dd4afc3a72b8192c143f72f4724081a,0.0,2014-12-22
79,0x6262998ced04146fa42253a5c0af90ca02dfd2a3,152158.92746391287,2014-12-22
80,0xf16e9b0d03470827a95cdfd0cb8a8a3b46969b91,199319.84463936623,2014-12-22
81,0x5c985e89dde482efe97ea9f1950ad149eb73829b,0.0,2014-12-22
82,0x5f65f7b609678448494de4c87521cdf6cef1e932,4916994.280067074,2014-12-22
83,0x738cf6903e6c4e699d1c2dd9ab8b67fcdb3121ea,275569.95041771885,2014-12-22
84,0xffec0067f5a79cff07527f63d83dd5462ccf8ba4,412817.8709775669,2014-12-22
85,0x8d1f2ebfaccf1136db76fdd1b86f1dede2d23852,1.404472328286e-06,2014-12-22
86,0x66c57bf505a85a74609d2c83e94aabb26d691e1f,10449346.438488891,2014-12-22
87,0xe93381fb4c4f14bda253907b18fad305d799241a,1489450.1476709142,2014-12-22
88,0x47ac0fb4f2d84898e4d9e7b4dab3c24507a6d503,0.0,2014-12-22
89,0x5754284f345afc66a98fbb0a0afe71e0f007b949,0.0,2014-12-22
90,0x89e51fa8ca5d66cd220baed62ed01e8951aa7c40,0.0,2014-12-22
91,0xfdb16996831753d5331ff813c29a93c76834a0ad,0.0,2014-12-22
92,0x66f820a414680b5bcda5eeca5dea238543f42054,0.0,2014-12-22
93,0x1062a747393198f70f71ec65a582423dba7e5ab3,0.0,2014-12-22
94,0xec30d02f10353f8efc9601371f56e808751f396f,0.0,2014-12-22
95,0x46705dfff24256421a05d056c29e81bdc09723b8,0.0,2014-12-22
96,0x88bd4d3e2997371bceefe8d9386c6b5b4de60346,0.0,2014-12-22
97,0xeee28d484628d41a82d01e21d12e2e78d69920da,0.0,2014-12-22
98,0x6748f50f686bfbca6fe8ad62b22228b87f31ff2b,2.0,2014-12-22
99,0xadb2b42f6bd96f5c65920b9ac88619dce4166f94,0.0,2014-12-22
100,0x0bc3807ec262cb779b38d65b38158acc3bfede10,0.0,2014-12-22
101,0xfb633f47a84a1450ee0413f2c32dc1772ccaea3e,20031219.749548864,2014-12-22
102,0x860a80d33e85e97888f1f0c75c6e5bbd60b48da9,0.0,2014-12-22
103,0x9a67f1940164d0318612b497e8e6038f902a00a4,11749469.790269688,2014-12-22
104,0x1cf0df2a5a20cd61d68d4489eebbf85b8d39e18a,510219.43891435006,2014-12-22
105,0x8b4334d4812c530574bd4f2763fcd22de94a969b,0.0,2014-12-22
106,0x56fcb471a9dde74045830439ad6612c9aad53c19,0.0,2014-12-22
107,0xf894fea045eccb2927e2e0cb15c12debee9f2be8,24999.999999999996,2014-12-22
108,0x556ecbb0311d350491ba0ec7e019c354d7723ce0,0.0,2014-12-22
109,0xf7f52dd34bc21eda08c0b804c7c1dbc48375820f,0.0,2014-12-22
110,0xdff2aea378e41632e45306a6de26a7e0fd93ab07,0.0,2014-12-22
111,0xcf2d2da4c2f9b0675a197febc6708704834f9c24,0.0,2014-12-22
112,0x99f4176ee457afedffcb1839c7ab7a030a5e4a92,194155.66388772766,2014-12-22
113,0xfb76e9be55758d0042e003c1e46e186360f0627e,18656227.36050726,2014-12-22
114,0xce4a1e86a5c47cd677338f53da22a91d85cab2c9,1343180.77,2014-12-22
115,0xd0a7a8b98957b9cd3cfb9c0425abe44551158e9e,1077112.5381228013,2014-12-22
116,0x31f8cc382c9898b273eff4e0b7626a6987c846e8,987056.665661758,2014-12-22
117,0xffe6280ae4e864d9af836b562359fd828ece8020,911441.7533412413,2014-12-22
118,0xfeb4acf3df3cdea7399794d0869ef76a6efaff52,72850.02102852857,2014-12-22
119,0x3f5ce5fbfe3e9af3971dd833d26ba9b5c936f0be,0.0,2014-12-22
120,0x85b931a32a0725be14285b66f1a22178c672d69b,0.0,2014-12-22
121,0x708396f17127c42383e3b9014072679b2f60b82f,0.0,2014-12-22
122,0xe0f0cfde7ee664943906f17f7f14342e76a5cec7,0.0,2014-12-22
123,0x8f22f2063d253846b53609231ed80fa571bc0c8f,0.0,2014-12-22
124,0x4d9ff50ef4da947364bb9650892b2554e7be5e2b,0.0,2014-12-22
125,0xd551234ae421e3bcba99a0da6d736074f22192ff,0.0,2014-12-22
126,0xd88b55467f58af508dbfdc597e8ebd2ad2de49b3,0.0,2014-12-22
127,0x7dfe9a368b6cf0c0309b763bb8d16da326e8f46e,0.0,2014-12-22
128,0x345d8e3a1f62ee6b1d483890976fd66168e390f2,0.0,2014-12-22
129,0xc3c8e0a39769e2308869f7461364ca48155d1d9e,12.0,2014-12-22
130,0x2e581a5ae722207aa59acd3939771e7c7052dd3d,0.0,2014-12-22
131,0x44592b81c05b4c35efb8424eb9d62538b949ebbf,0.0,2014-12-22
132,0x564286362092d8e7936f0549571a803b203aaced,0.0,2014-12-22
133,0x892e9e24aea3f27f4c6e9360e312cce93cc98ebe,0.0,2014-12-22
134,0x00799bbc833d5b168f0410312d2a8fd9e0e3079c,0.0,2014-12-22
135,0x141fef8cd8397a390afe94846c8bd6f4ab981c48,2465.598052001595,2014-12-22
136,0x50d669f43b484166680ecc3670e4766cdb0945ce,0.0,2014-12-22
137,0x2f7e209e0f5f645c7612d7610193fe268f118b28,0.0,2014-12-22
138,0x0681d8db095565fe8a346fa0277bffde9c0edbbf,0.0,2014-12-22
139,0xfe9e8709d3215310075d67e3ed32a380ccf451c8,0.0,2014-12-22
140,0x4e9ce36e442e55ecd9025b9a6e0d88485d628a67,0.0,2014-12-22
141,0x001866ae5b3de6caa5a51543fd9fb64f524f5478,0.0,2014-12-22
142,0x8b99f3660622e21f2910ecca7fbe51d654a1517d,0.0,2014-12-22
143,0xab83d182f3485cf1d6ccdd34c7cfef95b4c08da4,0.0,2014-12-22
144,0xc365c3315cf926351ccaf13fa7d19c8c4058c8e1,0.0,2014-12-22
145,0x61189da79177950a7272c88c6058b96d4bcd6be2,6.84963538024702,2014-12-22
146,0x4fabb145d64652a948d72533023f6e7a623c7c53,0.0,2014-12-22
147,0xc9a2c4868f0f96faaa739b59934dc9cb304112ec,0.0,2014-12-22
148,0xb8c77482e45f1f44de1745f52c74426c631bdd52,0.0,2014-12-22
149,0x0b95993a39a363d99280ac950f5e4536ab5c5566,0.0,2014-12-22
150,0x2f47a1c2db4a3b78cda44eade915c3b19107ddcc,0.0,2014-12-22
151,0xb3f923eabaf178fc1bd8e13902fc5c61d3ddef5b,0.0,2014-12-22
152,0x43984d578803891dfa9706bdeee6078d80cfc79e,0.0,2014-12-22
153,0xa83b11093c858c86321fbc4c20fe82cdbd58e09e,0.0,2014-12-22
154,0x0a869d79a7052c7f1b55a8ebabbea3420f0d1e13,0.0,2014-12-22
155,0xe853c56864a2ebe4576a807d26fdc4a0ada51919,0.0,2014-12-22
156,0xfa52274dd61e1643d2205169732f29114bc240b3,0.0,2014-12-22
157,0x53d284357ec70ce289d6d64134dfac8e511c8a3d,0.0,2014-12-22
158,0xc6bed363b30df7f35b601a5547fe56cd31ec63da,0.0,2014-12-22
159,0x29728d0efd284d85187362faa2d4d76c2cfc2612,0.0,2014-12-22
160,0x2e7542ec36df6429d8c397f88c4cf0c925948f44,0.0,2014-12-22
161,0xa24787320ede4cc19d800bf87b41ab9539c4da9d,0.0,2014-12-22
162,0xe9f7ecae3a53d2a67105292894676b00d1fab785,0.0,2014-12-22
163,0xf6874c88757721a02f47592140905c4336dfbc61,0.0,2014-12-22
164,0x881d4032abe4188e2237efcd27ab435e81fc6bb1,0.0,2014-12-22
165,0xa090e606e30bd747d4e6245a1517ebe430f0057e,0.00588963,2014-12-22
166,0x2b5634c42055806a59e9107ed44d43c426e58258,0.0,2014-12-22
167,0x689c56aef474df92d44a1b70850f808488f9769c,0.0,2014-12-22
168,0xa1d8d972560c2f8144af871db508f0b0b10a3fbf,0.0,2014-12-22
169,0x4ad64983349c49defe8d7a4686202d24b25d0ce8,0.0,2014-12-22
170,0xe59cd29be3be4461d79c0881d238cbe87d64595a,0.10529836235841535,2014-12-22
171,0x899b5d52671830f567bf43a14684eb14e1f945fe,0.0,2014-12-22
172,0x2602669a92fccf44e5319ff51b0f453aab9db021,0.0,2014-12-22
173,0xf2b16510270a214130c6b17ff0e9bf87585126bd,0.0,2014-12-22
174,0xf34960d9d60be18cc1d5afc1a6f012a723a28811,0.0,2014-12-22
175,0x039b5649a59967e3e936d7471f9c3700100ee1ab,0.0,2014-12-22
176,0x236f9f97e0e62388479bf9e5ba4889e46b0273c3,0.0,2014-12-22
177,0x59fae149a8f8ec74d5bc038f8b76d25b136b9573,0.0,2014-12-22
178,0x75231f58b43240c9718dd58b4967c5114342a86c,0.0,2014-12-22
179,0x6fc82a5fe25a5cdb58bc74600a40a69c065263f8,0.0,2014-12-22
180,0xb302bfe9c246c6e150af70b1caaa5e3df60dac05,0.0,2014-12-22
181,0x07ee55aa48bb72dcc6e9d78256648910de513eca,0.01,2014-12-22
182,0xdd51f01d9fc0fd084c1a4737bbfa5becb6ced9bc,0.0,2014-12-22
183,0x4c2f150fc90fed3d8281114c2349f1906cde5346,0.0,2014-12-22
184,0x4b7ee45f30767f36f06f79b32bf1fca6f726deda,0.0,2014-12-22
185,0x056fd409e1d7a124bd7017459dfea2f387b6d5cd,0.0,2014-12-22
186,0xdec042a90de005b22754e94a8a979c4b8c67fde5,0.0,2014-12-22
187,0x1151314c646ce4e0efd76d1af4760ae66a9fe30f,0.0,2014-12-22
188,0x482f02e8bc15b5eabc52c6497b425b3ca3c821e8,0.0,2014-12-22
189,0xdcd0272462140d0a3ced6c4bf970c7641f08cd2c,0.0,2014-12-22
190,0x1b29dd8ff0eb3240238bf97cafd6edea05d5ba82,0.0,2014-12-22
191,0x30a2ebf10f34c6c4874b0bdd5740690fd2f3b70c,0.0,2014-12-22
192,0x7727e5113d1d161373623e5f49fd568b4f543a9e,0.0,2014-12-22
193,0x0e55c54249f25f70d519b7fb1c20e3331e7ba76d,0.0,2014-12-22
194,0x5dbdebcae07cc958ba5290ff9deaae554e29e7b4,0.0,2014-12-22
195,0x2ee3b2df6534abc759ffe994f7b8dcdfaa02cd31,0.0,2014-12-22
196,0xe1f3c653248de6894d683cb2f10de7ca2253046f,0.0,2014-12-22
197,0x2903cadbe271e057edef157340b52a5898d7424f,0.0,2014-12-22
198,0x36928500bc1dcd7af6a2b4008875cc336b927d57,0.0,2014-12-22
199,0x14d06788090769f669427b6aea1c0240d2321f34,0.0,2014-12-22
200,0x77134cbc06cb00b66f4c7e623d5fdbf6777635ec,165924.6410451303,2014-12-22
201,0x2af5d2ad76741191d15dfe7bf6ac92d4bd912ca3,0.0,2014-12-22
202,0xab7c74abc0c4d48d1bdad5dcb26153fc8780f83e,0.01,2014-12-22
203,0xc6cde7c39eb2f0f0095f41570af89efc2c1ea828,0.0,2014-12-22
204,0xcafb10ee663f465f9d10588ac44ed20ed608c11e,0.0,2014-12-22
205,0x7180eb39a6264938fdb3effd7341c4727c382153,0.0,2014-12-22
206,0x69c6dcc8f83b196605fa1076897af0e7e2b6b044,0.0,2014-12-22
207,0x8d5a41e85f4ce2433beef476305d307b9205d98d,0.0,2014-12-22
208,0xc581b735a1688071a1746c968e0798d642ede491,0.0,2014-12-22
209,0xabdf147870235fcfc34153828c769a70b3fae01f,0.0,2014-12-22
210,0x4922a015c4407f87432b179bb209e125432e4a2a,0.0,2014-12-22
211,0x68749665ff8d2d112fa859aa293f07a622782f38,0.0,2014-12-22
212,0x6e109e9dd7fa1a58bc3eff667e8e41fc3cc07aef,0.0,2014-12-22
213,0xed03ed872159e199065401b6d0d487d78d9464aa,0.0,2014-12-22
214,0xdac17f958d2ee523a2206206994597c13d831ec7,5.01,2014-12-22
215,0xab5c66752a9e8167967685f1450532fb96d5d24f,0.0,2014-12-22
216,0xfa4b5be3f2f84f56703c42eb22142744e95a2c58,0.0,2014-12-22
217,0x32598293906b5b17c27d657db3ad2c9b3f3e4265,0.0,2014-12-22
218,0x5861b8446a2f6e19a067874c133f04c578928727,0.0,2014-12-22
219,0x926fc576b7facf6ae2d08ee2d4734c134a743988,0.0,2014-12-22
220,0xeec606a66edb6f497662ea31b5eb1610da87ab5f,0.0,2014-12-22
221,0x7ef35bb398e0416b81b019fea395219b65c52164,0.0,2014-12-22
222,0x229b5c097f9b35009ca1321ad2034d4b3d5070f6,0.0,2014-12-22
223,0xd8a83b72377476d0a66683cde20a8aad0b628713,0.0,2014-12-22
224,0x90e9ddd9d8d5ae4e3763d0cf856c97594dea7325,0.0,2014-12-22
225,0x18916e1a2933cb349145a280473a5de8eb6630cb,0.0,2014-12-22
226,0x6f48a3e70f0251d1e83a989e62aaa2281a6d5380,0.0,2014-12-22
227,0xf056f435ba0cc4fcd2f1b17e3766549ffc404b94,0.0,2014-12-22
228,0x137ad9c4777e1d36e4b605e745e8f37b2b62e9c5,0.0,2014-12-22
229,0x5401dbf7da53e1c9dbf484e3d69505815f2f5e6e,0.0,2014-12-22
230,0x034f854b44d28e26386c1bc37ff9b20c6380b00d,0.0,2014-12-22
231,0x0577a79cfc63bbc0df38833ff4c4a3bf2095b404,0.0,2014-12-22
232,0x0c6c34cdd915845376fb5407e0895196c9dd4eec,0.0,2014-12-22
233,0x794d28ac31bcb136294761a556b68d2634094153,0.0,2014-12-22
234,0xfd54078badd5653571726c3370afb127351a6f26,0.0,2014-12-22
235,0x4d77a1144dc74f26838b69391a6d3b1e403d0990,0.0,2014-12-22
236,0x73f8fc2e74302eb2efda125a326655acf0dc2d1b,0.0,2014-12-22
237,0xf66852bc122fd40bfecc63cd48217e88bda12109,0.0,2014-12-22
238,0x49517ca7b7a50f592886d4c74175f4c07d460a70,0.0,2014-12-22
239,0x58c2cb4a6bee98c309215d0d2a38d7f8aa71211c,0.0,2014-12-22
240,0xdc76cd25977e0a5ae17155770273ad58648900d3,0.0,2014-12-22
241,0xa8660c8ffd6d578f657b72c0c811284aef0b735e,0.0,2014-12-22
242,0x9d6d492bd500da5b33cf95a5d610a73360fcaaa0,0.0,2014-12-22
243,0xa66daa57432024023db65477ba87d4e7f5f95213,0.0,2014-12-22
244,0x6f259637dcd74c767781e37bc6133cd6a68aa161,0.0,2014-12-22
245,0x0316eb71485b0ab14103307bf65a021042c6d380,0.0,2014-12-22
246,0x1d1e10e8c66b67692f4c002c0cb334de5d485e41,0.0,2014-12-22
247,0xea0cfef143182d7b9208fbfeda9d172c2aced972,0.0,2014-12-22
248,0x0c92efa186074ba716d0e2156a6ffabd579f8035,0.0,2014-12-22
249,0x91dfa9d9e062a50d2f351bfba0d35a9604993dac,0.0,2014-12-22
250,0x8e8bc99b79488c276d6f3ca11901e9abd77efea4,0.0,2014-12-22
251,0xb9a4873d8d2c22e56b8574e8605644d08e047549,0.0,2014-12-22
252,0x170af0a02339743687afd3dc8d48cffd1f660728,0.0,2014-12-22
253,0xf775a9a0ad44807bc15936df0ee68902af1a0eee,0.0,2014-12-22
254,0x75a83599de596cbc91a1821ffa618c40e22ac8ca,0.0,2014-12-22
255,0x48ab9f29795dfb44b36587c50da4b30c0e84d3ed,0.0,2014-12-22
256,0x90f49e24a9554126f591d28174e157ca267194ba,0.0,2014-12-22
257,0x1b93129f05cc2e840135aab154223c75097b69bf,0.0,2014-12-22
258,0xe3314bbf3334228b257779e28228cfb86fa4261b,0.0,2014-12-22
259,0x6edb9d6547befc3397801c94bb8c97d2e8087e2f,0.0,2014-12-22
260,0x8aabba0077f1565df73e9d15dd3784a2b0033dad,0.0,2014-12-22
261,0xd3a2f775e973c1671f2047e620448b8662dcd3ca,0.0,2014-12-22
262,0x1c515eaa87568c850043a89c2d2c2e8187adb056,0.0,2014-12-22
263,0x60b45f993223dcb8bdf05e3391f7630e5a51d787,0.0,2014-12-22
264,0xa23d7dd4b8a1060344caf18a29b42350852af481,0.0,2014-12-22
265,0x9eebb2815dba2166d8287afa9a2c89336ba9deaa,0.0,2014-12-22
266,0xd10e08325c0e95d59c607a693483680fe5b755b3,0.0,2014-12-22
267,0xc837f51a0efa33f8eca03570e3d01a4b2cf97ffd,0.0,2014-12-22
268,0xeb6d43fe241fb2320b5a3c9be9cdfd4dd8226451,0.0,2014-12-22
269,0xf7a8af16acb302351d7ea26ffc380575b741724c,0.0,2014-12-22
270,0x636b76ae213358b9867591299e5c62b8d014e372,0.0,2014-12-22
271,0x9a755332d874c893111207b0b220ce2615cd036f,0.0,2014-12-22
272,0xecd8b3877d8e7cd0739de18a5b545bc0b3538566,0.0,2014-12-22
273,0xef54f559b5e3b55b783c7bc59850f83514b6149c,0.0,2014-12-22
274,0x956e0dbecc0e873d34a5e39b25f364b2ca036730,0.0,2014-12-22
275,0x6f50c6bff08ec925232937b204b0ae23c488402a,0.0,2014-12-22
276,0xdf95de30cdff4381b69f9e4fa8dddce31a0128df,0.0,2014-12-22
277,0x25c6459e5c5b01694f6453e8961420ccd1edf3b1,0.0,2014-12-22
278,0x04645af26b54bd85dc02ac65054e87362a72cb22,0.0,2014-12-22
279,0xb2a48f542dc56b89b24c04076cbe565b3dc58e7b,0.0,2014-12-22
280,0x88d34944cf554e9cccf4a24292d891f620e9c94f,0.0,2014-12-22
281,0x186549a4ae594fc1f70ba4cffdac714b405be3f9,0.0,2014-12-22
282,0xd273bd546b11bd60214a2f9d71f22a088aafe31b,0.0,2014-12-22
283,0x3052cd6bf951449a984fe4b5a38b46aef9455c8e,0.0,2014-12-22
284,0x2140efd7ba31169c69dfff6cdc66c542f0211825,0.0,2014-12-22
285,0xa0ff1e0f30b5dda2dc01e7e828290bc72b71e57d,0.0,2014-12-22
286,0xc1da8f69e4881efe341600620268934ef01a3e63,0.0,2014-12-22
287,0xb4460b75254ce0563bb68ec219208344c7ea838c,0.0,2014-12-22
288,0x15878e87c685f866edfaf454be6dc06fa517b35b,0.0,2014-12-22
289,0x31d03f07178bcd74f9099afebd23b0ae30184ab5,0.0,2014-12-22
290,0xed48dc0628789c2956b1e41726d062a86ec45bff,0.0,2014-12-22
291,0x3fbe1f8fc5ddb27d428aa60f661eaaab0d2000ce,0.0,2014-12-22
292,0xbb5a0408fa54287b9074a2f47ab54c855e95ef82,0.0,2014-12-22
293,0x5521a68d4f8253fc44bfb1490249369b3e299a4a,0.0,2014-12-22
294,0x8fa8af91c675452200e49b4683a33ca2e1a34e42,0.0,2014-12-22
295,0x3b83cd1a8e516b6eb9f1af992e9354b15a6f9672,0.0,2014-12-22
296,0xe94b04a0fed112f3664e45adb2b8915693dd5ff3,0.0,2014-12-22
297,0xa3c1e324ca1ce40db73ed6026c4a177f099b5770,0.0,2014-12-22
298,0x68eb95dc9934e19b86687a10df8e364423240e94,0.0,2014-12-22
299,0x871baed4088b863fd6407159f3672d70cd34837d,0.0,2014-12-22
300,0x016ee7373248a80bde1fd6baa001311d233b3cfa,0.0,2014-12-22
301,0x2f5e2c9002c058c063d21a06b6cabb50950130c8,0.0,2014-12-22
302,0x50d1c9771902476076ecfc8b2a83ad6b9355a4c9,10.0,2014-12-22
303,0x00bdb5699745f5b860228c8f939abf1b9ae374ed,0.0,2014-12-22
304,0x9a9bed3eb03e386d66f8a29dc67dc29bbb1ccb72,0.0,2014-12-22
305,0x059799f2261d37b829c2850cee67b5b975432271,0.0,2014-12-22
306,0x4c766def136f59f6494f0969b1355882080cf8e0,0.0,2014-12-22
307,0xc5b611f502a0dcf6c3188fd494061ae29b2baa4f,0.0,2014-12-22
308,0x964771f6df31eea2d927fa71d7bd78e81bcdce05,0.0,2014-12-22
309,0x538d72ded42a76a30f730292da939e0577f22f57,0.0,2014-12-22
310,0xfca70e67b3f93f679992cd36323eeb5a5370c8e4,0.0,2014-12-22
311,0x32be343b94f860124dc4fee278fdcbd38c102d88,0.0,2014-12-22
312,0x209c4784ab1e8183cf58ca33cb740efbf3fc18ef,0.0,2014-12-22
313,0xb794f5ea0ba39494ce839613fffba74279579268,0.0,2014-12-22
314,0xaa9fa73dfe17ecaa2c89b39f0bb2779613c5fc3b,0.0,2014-12-22
315,0x2fa2bc2ce6a4f92952921a4caa46b3727d24a1ec,0.0,2014-12-22
316,0x31a2feb9b5d3b5f4e76c71d6c92fc46ebb3cb1c1,0.0,2014-12-22
317,0x6b71834d65c5c4d8ed158d54b47e6ea4ff4e5437,0.0,2014-12-22
318,0x48d466b7c0d32b61e8a82cd2bcf060f7c3f966df,0.0,2014-12-22
319,0x0536806df512d6cdde913cf95c9886f65b1d3462,0.0,2014-12-22
320,0x8d451ae5ee8f557a9ce7a9d7be8a8cb40002d5cb,0.0,2014-12-22
321,0xbd2ec7c608a06fe975dbdca729e84dedb34ecc21,0.0,2014-12-22
322,0xc0e30823e5e628df8bc9bf2636a347e1512f0ecb,0.0,2014-12-22
323,0x65f9b2e4d7aaeb40ffea8c6f5844d5ad7da257e0,0.0,2014-12-22
324,0x36b01066b7fa4a0fdb2968ea0256c848e9135674,0.0,2014-12-22
325,0xab11204cfeaccffa63c2d23aef2ea9accdb0a0d5,0.0,2014-12-22
326,0x6795cf8eb25585eadc356ae32ac6641016c550f2,0.0,2014-12-22
327,0xfbf2173154f7625713be22e0504404ebfe021eae,0.0,2014-12-22
328,0x6f803466bcd17f44fa18975bf7c509ba64bf3825,0.0,2014-12-22
329,0xead6be34ce315940264519f250d8160f369fa5cd,0.0,2014-12-22
330,0xa0b73e1ff0b80914ab6fe0444e65848c4c34450b,111.86465041000001,2014-12-22
331,0xb63b606ac810a52cca15e44bb630fd42d8d1d83d,0.0,2014-12-22
332,0x013ff63e21e8556c1a04aff005ec0912aa955d6a,0.0,2014-12-22
333,0x767be428d8bf8fa99bc0b84d96d6f135845a11ff,0.0,2014-12-22
334,0xc42f0e95ff6c861164a86415eb6b3dabe7e13843,0.0,2014-12-22
335,0x494adb1ecac39d9df00fcda84ed2c1dc775107e7,0.0,2014-12-22
336,0x32047ac688997feb8fbf1d5d4aee39ec0202086d,0.0,2014-12-22
337,0xdc4c0fda463435d19962e8dd465d5eba86fd02ec,0.0,2014-12-22
338,0x51ca21ed46a9df3cb6f34624cbd482d312996730,0.0,2014-12-22
339,0x71507ee19cbc0c87ff2b5e05d161efe2aac4ee07,0.0,2014-12-22
340,0x22e4f709fd5e7fe246fbf7e714ae89bdab7e2a5d,0.0,2014-12-22
341,0xdda508f9f3c1b4ca39c8794df3a080298ebe9c55,0.0,2014-12-22
342,0x35f517cab9a37bc31091c2f155d965af84e0bc85,0.0,2014-12-22
343,0x67703f7d089f3ac7c8c13a18b2381cbd7ee3eded,0.0,2014-12-22
344,0x20a0bee429d6907e556205ef9d48ab6fe6a55531,0.0,2014-12-22
345,0x00ee047a66d5cff27587a61559138c26b62f7ceb,0.0,2014-12-22
346,0x0031e147a79c45f24319dc02ca860cb6142fcba1,0.0,2014-12-22
347,0xb62132e35a6c13ee1ee0f84dc5d40bad8d815206,0.0,2014-12-22
348,0x65b0bf8ee4947edd2a500d74e50a3d757dc79de0,0.0,2014-12-22
349,0x5089afdb4328c2e90d4bbeb2b62421f51a687430,0.0,2014-12-22
350,0xb2d9fecc991a81eb237028262517f61dd8177b4f,0.0,2014-12-22
351,0xaaaebe6fe48e54f431b0c390cfaf0b017d09d42d,24.35061167,2014-12-22
352,0xce606c7028a0702de6ef30c69c9dca4e3d46ffbd,0.0,2014-12-22
353,0x81b5ce15aa64e1dcefc18f810de7d18115230586,0.0,2014-12-22
354,0x32a3256a4b15badd4a6e072a03d23404d925a5cf,6.087e-15,2014-12-22
355,0x2abf9f753d0af02cca358f98d633bad81cc555ed,0.0,2014-12-22
356,0x7de3e919d1d7e5f1b1b27bdb3575b65c5874a5f6,9.5235e-13,2014-12-22
357,0x917334942eee7c32dcccfbde975f3e0ac30efac4,0.0,2014-12-22
358,0x8aceab8167c80cb8b3de7fa6228b889bb1130ee8,0.0,2014-12-22
359,0x75db8b92937f8f86213e523788ab9f066efde3fe,6.3529121e-11,2014-12-22
360,0x721e3d8aa92d1f26936f6945f176415f66a88588,0.0,2014-12-22
361,0xb26314635252b4ee8b454423e5299a092dea8a4a,0.0,2014-12-22
362,0x8b47ed08fd5f134c57b826fbd33e1de121de880d,0.0,2014-12-22
363,0x84e1f49a6b65882c7365b6a775999cfcb481f22f,0.0,2014-12-22
364,0x3be6d80fdce385358f5762998882efc282df7b9a,0.0,2014-12-22
365,0x91e9a131446ab538d30746c79d43908faef3f289,0.0,2014-12-22
366,0x9b436168dd080f1f95d1919258c64590263c0dae,0.0,2014-12-22
367,0x520da65f3b9b93a5bb6a1db911de40ae197aa639,0.0,2014-12-22
368,0x4859df02d1c7cd85c2a283708958aaa7728bad67,0.0,2014-12-22
369,0xfe4546fefe124f30788c4cc1bb9aa6907a7987f9,0.0,2014-12-22
370,0x64875aaa68d1d5521666c67d692ee0b926b08b2f,0.0,2014-12-22
371,0xf9e293d5d793ddc1ae4f778761e0b3e4aa7cf2dd,0.0,2014-12-22
372,0xd2c82f2e5fa236e114a81173e375a73664610998,0.0,2014-12-22
373,0x03bdf69b1322d623836afbd27679a1c0afa067e9,0.0,2014-12-22
374,0x986a2fca9eda0e06fbf7839b89bfc006ee2a23dd,0.0,2014-12-22
375,0xcca0c9c383076649604ee31b20248bc04fdf61ca,0.0,2014-12-22
376,0x896c3307f0b10fb956f5d22185863c2917bf58c1,0.0,2014-12-22
377,0x1c289a12a8552b314d0d153d6991fd27a54aa640,0.0,2014-12-22
378,0xf45f0e16b5e096286e1fb463d34be9f3df5e3602,0.0,2014-12-22
379,0x274f3c32c90517975e29dfc209a23f315c1e5fc7,0.0,2014-12-22
380,0x8533a0bd9310eb63e7cc8e1116c18a3d67b1976a,0.0,2014-12-22
381,0x6be61833fc4381990e82d7d4a9f4c9b3f67ea941,0.0,2014-12-22
382,0x04046027549f739edfd5b2a78efdbaf0f0bf4514,0.0,2014-12-22
383,0xa26a8e242a7470476df1dc11ded5dbc9fca610fa,0.0,2014-12-22
384,0x3fda25f27211a138adf211f4c060f2149674be6d,0.0,2014-12-22
385,0x808b4da0be6c9512e948521452227efc619bea52,0.0,2014-12-22
386,0xeb4c5ab9b36437f969888be99af42fc9087005a5,0.0,2014-12-22
387,0x9799b475dec92bd99bbdd943013325c36157f383,0.0,2014-12-22
388,0x0000000000036414940324055c43e75f56b7d016,15.5290723348043,2014-12-22
389,0x0000000009cb38fb8a1bbb8ada23c8261118f019,0.0,2014-12-22
390,0x000000000085359dbc0eb45911e5f3f7a532a07e,0.0,2014-12-22
391,0x000000000000084e91743124a982076c59f10084,1e-18,2014-12-22
392,0x000000000a08a7ca00e4239dd97d8542c51b9086,0.0,2014-12-22
393,0x0000007c68390193776e8b44df3b698d311070b9,0.0,2014-12-22
394,0x00000000000123685885532dcb685c442dc83126,0.0,2014-12-22
395,0x00000000003eea204b86b877632d9ee88b179150,0.0,2014-12-22
396,0x000000004b614af95d1bb7c236a3aa800b722173,0.0,2014-12-22
397,0x0000000000d41c96294ccdac8612bdfe29c641af,1e-18,2014-12-22
398,0x0000000084f794716fa5485d1424b8bd562291f9,0.0,2014-12-22
399,0x00000000000c66b8cb2836c3620f88a9c812d208,0.0,2014-12-22
400,0x0000000000b92ac90d898eba87fa5f2483f32234,1.1e-17,2014-12-22
401,0x00000000000a47b1298f18cf67de547bbe0d723f,0.03479871722695039,2014-12-22
402,0x0000000000a84d1a9b0063a910315c7ffa9cd248,0.0,2014-12-22
403,0x0000004f2f05a8223b89edb700848d70970742bf,0.0,2014-12-22
404,0x000000000dfde7deaf24138722987c9a6991e2d4,681345.5064834374,2014-12-22
405,0x00000000f6e788341c1acb3c2d49fa9263b8a2f7,4e-18,2014-12-22
406,0x0000000050fd1220ecf21d84687ebad194fd537f,0.0,2014-12-22
407,0x000000000b8a22fdae0233faa785df7974ff0391,0.0,2014-12-22
408,0x0000000000710a9c1f6db5f504be77ffb3b583ec,1e-18,2014-12-22
409,0x000000004b5ad44f70781462233d177d32d993f1,0.0,2014-12-22
410,0x0000000000208d4805eb97db796e74b48547445d,0.0,2014-12-22
411,0x000000000000660def84e69995117c0176ba446e,0.0,2014-12-22
412,0x000000000003c42172c0bdd69d6afb6b0bf4b488,0.0,2014-12-22
413,0x000000000025d4386f7fb58984cbe110aee3a4c4,0.0,2014-12-22
414,0x0000000096b674bb0ea9c74c28be782bb48724de,0.0,2014-12-22
415,0x000000000000f0bc41c73af48f022f8c27b5350e,0.0,2014-12-22
416,0x0000000000cbba74c365869ae50225f5596ad59c,7.741996192612421,2014-12-22
417,0x00000000b7ca7e12dcc72290d1fe47b2ef14c607,0.0,2014-12-22
418,0x00000000726422a6fecb4759b44d47e48cf746aa,0.0,2014-12-22
419,0x000000dce08f643423c0bec02b0799e37f076781,0.0,2014-12-22
420,0x00000000000080c886232e9b7ebbfb942b5987aa,3.486e-15,2014-12-22
421,0x00000000000062f06c7007906b2a4034fa5c4818,0.0,2014-12-22
422,0x000000005736775feb0c8568e7dee77222a26880,6.094896e-12,2014-12-22
423,0x00000000c2cf7648c169b25ef1c217864bfa38cc,44.20995610358329,2014-12-22
424,0x0000000000d9455cc7eb92d06e00582a982f68fe,7.9535e-14,2014-12-22
425,0x00000000002d383933aa1609f11d0afa4d5ea90a,4.58e-16,2014-12-22
426,0x000000000035b5e5ad9019092c665357240f594e,0.08528664456665228,2014-12-22
427,0x00000000116579a5ba59e2f22e77ede26809b970,0.0,2014-12-22
428,0x0000000099cb7fc48a935bceb9f05bbae54e8987,427972.987875173,2014-12-22
429,0x00000000005b84b558de194b242f92b11f1469ca,0.0,2014-12-22
430,0x0000000089341e263b85d84a0eea39f47c37a9d2,0.0,2014-12-22
431,0x00000000000f45b418291a68f2646d0b1a303a1c,0.0,2014-12-22
432,0x00000000003b3cc22af3ae1eac0440bcee416b40,0.001964227102035912,2014-12-22
433,0x00000000500e2fece27a7600435d0c48d64e0c00,0.04749809717038653,2014-12-22
434,0x0000000000e4cc48a5427ca0b9ed03b5bc501c97,0.0,2014-12-22
435,0x0000000dc0cc877153e7e93870ad2a3382e99ca0,0.0,2014-12-22
436,0x000000000042c71e9b847fb1533270360a7b2cbf,1.3364e-14,2014-12-22
437,0x0000000765306855601b70d930ac579b23a18d44,0.0,2014-12-22
438,0x0000000000005117dd3a72e64a705198753fdd54,0.0,2014-12-22
439,0x000000a60073b3ab5258ec72f46c002ad912ed76,1e-18,2014-12-22
440,0x000000090629d24e9ebbd5bb2a714f21ecd6ed9a,0.0,2014-12-22
441,0x00000000009c7f96284472465e1b5c44e8cfcda1,4e-18,2014-12-22
442,0x00000000000e1d0dabf7b7c7b68866fc940d0db8,0.0,2014-12-22
443,0x0000000000590b74eb97457bf7b3ff6d63c6fde2,41766.404745927364,2014-12-22
444,0x00000000032962b51589768828ad878876299e14,59.167209167572594,2014-12-22
445,0x00000000008c4fb1c916e0c88fd4cc402d935e7d,1567278.2556978213,2014-12-22
446,0x000000000000006f6502b7f2bbac8c30a3f67e9a,3.408e-15,2014-12-22
447,0x0000000000000eb4ec62758aae93400b3e5f7f18,0.31802600999085257,2014-12-22
448,0x0000000000007f150bd6f54c40a34d7c3d5e9f56,3.282773e-12,2014-12-22
449,0x000000000755567f4924bf483bdf5a53ebc8ef64,0.0,2014-12-22
450,0x0000000000a18ba8ff557c143927bd3b2593bf7a,0.0,2014-12-22
451,0x0000000000126f0ba49fbb414edc7041d1166ff4,0.0,2014-12-22
452,0x00000081c57cbc967248bea482c417207e84cffb,0.0,2014-12-22
453,0x0000e0ca771e21bd00057f54a68c30d400000000,1778.2401854472907,2014-12-22
454,0x0055ae46f700bcc53b1b00483d64000d47007200,0.0,2014-12-22
455,0x00f3f73f07d9e9e797b82b00536e010018000000,0.0,2014-12-22
456,0x018d5c4783f5317815f6e8168942a12adde3cd3c,0.0,2014-12-22
457,0x01a1527a5127f721a4c9ff955c93f6faef2f6deb,0.0,2014-12-22
458,0x01ba6660c1bf555cc1455a961dc8b4e5a95b0159,0.0,2014-12-22
459,0x030d1cad9f917cab7356b6a266f8ea0b31093ae1,0.0,2014-12-22
460,0x04eb85ad427e7e6b3ffb67e049872210fd3fbae9,0.0,2014-12-22
461,0x05e31b564e800d7da3389b1fb37835fc4bdb6fbf,0.0,2014-12-22
462,0x07197a25bf7297c2c41dd09a79160d05b6232bcf,417.76327530616925,2014-12-22
463,0x098fdb32ace942edc1355c0a78af2332b1ec6fef,0.2946015122229187,2014-12-22
464,0x0a482d6499a3ea0d01bc60e42e6f1774ca7faf60,0.0,2014-12-22
465,0x0bd30c34e4524df28d368d00c2feb534696d0bb7,0.0,2014-12-22
466,0x0c3de458b51a11da7d4616f42f66c861e3859d3e,7007.42047539519,2014-12-22
467,0x0eae044f00b0af300500f090ea00027097d03000,8754.408610557064,2014-12-22
468,0x0ef8b4525c69bfa7bdece3ab09f95bbf0944b783,0.0,2014-12-22
469,0x1316abcc2ab4ce7e937cd27707c54f6f6688a91b,0.0,2014-12-22
470,0x195acb4ef662cbae48db6a26c88b603c65090803,0.0,2014-12-22
471,0x1bea639199d4d37f4307b0e4441f4479bd9970e9,0.0,2014-12-22
472,0x1d6e8bac6ea3730825bde4b005ed7b2b39a2932d,2e-18,2014-12-22
473,0x1ebadd3e0bb6d4e9edb574c5f0b0edc23c815d95,0.0,2014-12-22
474,0x2242a7461c7bbd9202a97e967a0fbb8336ac863d,0.0,2014-12-22
475,0x294e453c3f5758e562aa13c76ec376c70c0bdbad,0.0,2014-12-22
476,0x2ad9142941514c9550fd5d1b20baf9cb93a86847,0.0,2014-12-22
477,0x2d0f3b2abe9d61a21812023bb28cd2da7c3f30b9,0.0,2014-12-22
478,0x2f1d79860cf6ea3f4b3b734153b52815773c0638,0.0,2014-12-22
479,0x33f4c006e6541cbaa3179b0978143e3ac3d70220,0.0,2014-12-22
480,0x3445c9ee4d17ba579061beec736f81b6d96754cd,0.020411945913976888,2014-12-22
481,0x35137b4c325c115a704cd23d5f2faf8777370d06,0.0,2014-12-22
482,0x3700006fbcde59a8b3af2c134d00e9530000e379,0.0,2014-12-22
483,0x3773e380e06c6ec156116f77021862c45c6022bb,0.0,2014-12-22
484,0x39dbb8f23001445e43c269f1246809091be7da60,0.0,2014-12-22
485,0x39ee28ec61a63147fc822b9e40757be530eefa65,0.0,2014-12-22
486,0x3af4ea5614f21e23b2398a62e1e20fe3d8b2fb7f,0.0,2014-12-22
487,0x3b654e30633d44b05847aaf65cf1ad0c92bed248,0.0,2014-12-22
488,0x4024fe8187f0f31e72914a7d5014b29a88f07747,0.0,2014-12-22
489,0x4083d4ef32631ed3394cc1b11efb03ceebcd2f6c,0.0,2014-12-22
490,0x40e645bc65035286de2009d717365d9640cc2b09,0.0,2014-12-22
491,0x42b2c65db7f9e3b6c26bc6151ccf30cce0fb99ea,1e-18,2014-12-22
492,0x43f2dfc9f99eba7a52fdffe7f3ea2182324e8896,0.0,2014-12-22
493,0x44ccdcd59984848a749e9f999b08f2b68153e123,0.0,2014-12-22
494,0x456804481f237bbb1b0baf5bd606d481ad672048,0.0,2014-12-22
495,0x45716d9eddbc332df1d42b9f540fbebed671b20f,0.0,2014-12-22
496,0x467c197bf259fe46232c142acda389fc0795c7f4,0.0,2014-12-22
497,0x46aa587c29aef0c5ca51e8e5716dc1be822d6f46,0.0,2014-12-22
498,0x46c4128981525aa446e02ffb2ff762f1d6a49170,30488.857692187332,2014-12-22
499,0x49307d775728daf1d4736ab762de0cefd035e323,1e-18,2014-12-22
500,0x498e84899558545a0f6d4036bdb3a3842cf9b6d0,0.0,2014-12-22
501,0x499dd900f800fd0a2ed300006000a57f00fa009b,0.0,2014-12-22
502,0x4a137fd5e7a256ef08a7de531a17d0be0cc7b6b6,886.550600387707,2014-12-22
503,0x4a47615f0b239063992dddbee6844033c172f2b6,6.61451372411e-07,2014-12-22
504,0x4cadecc51feb5c1f6d9a902ecc817a1b8c2246f9,914.5618865566627,2014-12-22
505,0x4cb18386e5d1f34dc6eea834bf3534a970a3f8e7,0.0,2014-12-22
506,0x4d246be90c2f36730bb853ad41d0a189061192d3,1.250089061354e-06,2014-12-22
507,0x4d638adb8c07a78655e9ae88641c4202774e6584,0.0,2014-12-22
508,0x4fce027bc57d7530b84527f4848983cece4df15e,0.0,2014-12-22
509,0x507888e987257a8dde6f8afa46375cefe2cbf504,0.0,2014-12-22
510,0x51399b32cd0186bb32230e24167489f3b2f47870,0.0,2014-12-22
511,0x5492a302991751fd6b5c051d85be48acc9fec4d3,12.226895851259794,2014-12-22
512,0x553eea17185e5ae6bb72f9528a4c3fc1a844b859,0.0,2014-12-22
513,0x55eb58655f8202ff839487886fedba2a1eb7b2d7,1e-18,2014-12-22
514,0x563bdabaa8846ec445b25bfbed88d160890a02ed,5.184732e-12,2014-12-22
515,0x57c1e0c2adf6eecdb135bcf9ec5f23b319be2c94,2e-18,2014-12-22
516,0x5aa3393e361c2eb342408559309b3e873cd876d6,0.0,2014-12-22
517,0x5cacdfb236e4bfdd5f9ed992a998cc99aed5b4d9,0.0,2014-12-22
518,0x5e767aa6204ece873c7d9405c4bca49cd3e0bf39,0.0,2014-12-22
519,0x5f05a1e43e738efcd5227e65660a874050dda64c,0.0,2014-12-22
520,0x60a1d9d5f6346aae41a18b08dcd0be48a74a3021,0.0,2014-12-22
521,0x634ccb596def40fad8dde810a8f98d286a2a5b27,0.0,2014-12-22
522,0x66f049111958809841bbe4b81c034da2d953aa0c,0.0,2014-12-22
523,0x689209519e78947d52b862748e059fad1238d689,0.0,2014-12-22
524,0x696713eaba8d603bab45e2c5820ef4c175c7a5e8,0.0,2014-12-22
525,0x6af1a16fde7346e7729fa921ad2ddf6a462061e2,0.0,2014-12-22
526,0x6b58007b960016b2f559dbfd809ac4dcb1febdfe,0.0,2014-12-22
527,0x6d660980b00c3405c2dec173cf2259b15572b9b5,0.0,2014-12-22
528,0x6ed51e4acca56d74076cdeb58337225b8aaf4abc,0.0,2014-12-22
529,0x6ee33c4a192118ea664612aec6f7b6e4aef78b87,0.0,2014-12-22
530,0x70d772361eb567eb45da56e147e5224e2abedeba,0.0,2014-12-22
531,0x72bd67d7406d0c490b0ad0b8968f4beccdd494db,0.0,2014-12-22
532,0x731ea79a1b2b90683507da2aab498bd8ff8f7ff1,0.0,2014-12-22
533,0x73f78d23370386cbcecd24ab3fa5da63be80f0e8,0.0,2014-12-22
534,0x7436a14a8dbf6eba14f114cb71a3b6d4527b222a,0.0,2014-12-22
535,0x74d8353a2ce55b41828075f406b0e42001bcd00b,0.0,2014-12-22
536,0x761d80987a36fc271875ea4de17539e8c82ae51d,0.0,2014-12-22
537,0x7719494eb8f3ca261f5c806d754853dc5ce2edf7,0.5268571940832195,2014-12-22
538,0x7777777580290cede6e2121b846023fa1a1e4978,0.0,2014-12-22
539,0x77b285fbdb277e53ed29c9dda7c0aa6f2591b09d,0.0,2014-12-22
540,0x793ff66b5435a6de9d6d7e70c4c68522e8cd24e1,0.0,2014-12-22
541,0x79dd6397b1ce40d6ac14f361ff9f9836d0cff6e1,0.0,2014-12-22
542,0x7c2347f23e11310e976532ff606688a57a77a535,0.0,2014-12-22
543,0x7cf09d7a9a74f746edcb06949b9d64bcd9d1604f,1e-18,2014-12-22
544,0x7e00009e6d00258407c50094680080f5830a00d9,0.0,2014-12-22
545,0x7f9a1c279e8bdbb326e453aebb3abba140458362,0.0,2014-12-22
546,0x8032eaede5c55f744387ca53aaf0499abcd783e5,0.0,2014-12-22
547,0x80d4230c0a68fc59cb264329d3a717fcaa472a13,0.12471658365241982,2014-12-22
548,0x811213d2d0e26ecf65714074cef59119dd7f36d9,0.0,2014-12-22
549,0x81153f0889ab398c4acb42cb58b565a5392bba95,3.0020447969562363,2014-12-22
550,0x815b2ad3c669df996fc55a9472ad251312476898,0.0,2014-12-22
551,0x828a2d99bb1a31ca0eba80f3e01db8dae652a1e3,0.0,2014-12-22
552,0x83d159b6e661f7f7e56ee3cd35d8b45f73187967,0.0,2014-12-22
553,0x842b9aa0e8e6eb77f16782bd27cb02a97002c4fc,0.0,2014-12-22
554,0x8472ee188899569cf6ef42bb2038facae66972d2,0.0,2014-12-22
555,0x84783f7e102ac1e28abe254c7c27d4c01891ca2e,0.0,2014-12-22
556,0x85db6b36e3d7704d7f747430124af1af33c35ee1,0.0,2014-12-22
557,0x85e5c6cffd260a7f153b1f34b36f6dbeba3e279e,0.0,2014-12-22
558,0x860bd2dba9cd475a61e6d1b45e16c365f6d78f66,0.0,2014-12-22
559,0x8698d9d5ea99809c00426484a80be2add4e54581,0.0,2014-12-22
560,0x8788a7cfd63cf06d0d7716c6a66f54b58248c896,0.0,2014-12-22
561,0x87d9da48db6e1f925cb67d3b7d2a292846c24cf7,0.0,2014-12-22
562,0x8a9bc155740b096575bfe1ee80f5783eefbbf1d2,0.0,2014-12-22
563,0x8aff5ca996f77487a4f04f1ce905bf3d27455580,0.0,2014-12-22
564,0x8b3400cf2dd7aa70f26b8a28b70c1d707e7945ff,0.0,2014-12-22
565,0x8b46e02e2ce66c041ddebeed9734a8deebf1a3ab,0.0,2014-12-22
566,0x8c3635482f23bd108cfd941736fd15fbd59d53bc,0.0,2014-12-22
567,0x8e60b2b96ea901beb2cafd79b8d0ed249a5efd95,0.0,2014-12-22
568,0x8f44e22ac221cc25a46289d1c307d4f34a4dd6c2,0.0,2014-12-22
569,0x91000060399502550000007bbfba0052f47b008a,1.666614426511216,2014-12-22
570,0x911605012f87a3017322c81fcb4c90ada7c09116,0.004822544014622088,2014-12-22
571,0x98c3d3183c4b8a650614ad179a1a98be0a8d6b8e,528185.1853736682,2014-12-22
572,0x99999999d116ffa7d76590de2f427d8e15aeb0b8,0.0,2014-12-22
573,0x9a0ef593dcc6a77f80699c9fa00d1e138b67d832,1.3379982490213e-05,2014-12-22
574,0x9aa954706326d900fd55e0928a92e3b93ad34dc9,0.0,2014-12-22
575,0x9be4dd4724d9f13cc05ce25416d9f9bfccd443e0,0.0,2014-12-22
576,0x9e244643b91ecc1498718cb4f5d22d14a9b121a1,0.0,2014-12-22
577,0x9e9346e082d445f08fab1758984a31648c89241a,0.0,2014-12-22
578,0xa1ba2e31d3b58c44293e54a90aaa817b14304e07,0.0,2014-12-22
579,0xa57bd00134b2850b2a1c55860c9e9ea100fdd6cf,0.0,2014-12-22
580,0xa69babef1ca67a37ffaf7a485dfff3382056e78c,0.0,2014-12-22
581,0xa75af537fb853bb432f6a51d47d70e349fffc6ba,0.0,2014-12-22
582,0xac9df97f9cd7a5f66913d107cddd00f40ac9ab4c,0.0,2014-12-22
583,0xacd4ec996aad815efe72a11944188c6db6c30176,0.8145945279731507,2014-12-22
584,0xaf9642bc3b0daf66a8930d17b99865944df4d60b,0.0,2014-12-22
585,0xb3fcd22ffd34d75c979d49e2e5fb3a3405644831,1e-17,2014-12-22
586,0xb4247d5978060387c0fe91d13a90d5711f65b7ce,0.0,2014-12-22
587,0xb4990d3044641456a2509ed0bd709f1176a6a7af,0.0,2014-12-22
588,0xb5c7ad3cb6506c65da01f2fac2e667dcb9e66e9c,0.0,2014-12-22
589,0xb807aca3615bb8c93d32d7fb418e69370e1a7c86,0.0,2014-12-22
590,0xb91d9b045f8a64bca4c69625b00001109932be34,0.0,2014-12-22
591,0xba71b56fd0b590ed2a6992ed57a34c1391940513,0.0,2014-12-22
592,0xbadc0defafcf6d4239bdf0b66da4d7bd36fcf05a,2e-18,2014-12-22
593,0xbb5acd74d889da9102d97d5a14de49e6ce710851,0.0,2014-12-22
594,0xbe69dde0a051e72e18871be52cf506e419058f11,0.0,2014-12-22
595,0xbeefbabeea323f07c59926295205d3b7a17e8638,0.0,2014-12-22
596,0xbf971824421fa3778cb638bdeb79b8d5223e0fe6,0.0,2014-12-22
597,0xbfef411d9ae30c5b471d529c838f1abb7b65d67f,417.8362878045554,2014-12-22
598,0xc1374db508b7a3e0cdf061c8d8c1f7a260f231cd,0.0,2014-12-22
599,0xc21b472e150669a9e20a1233cad67eced2851ec5,0.0,2014-12-22
600,0xc2a54f74ebbbba5ed92d6a0b5dcb0b0ffb96f36e,0.0,2014-12-22
601,0xc358848e138ab73bd5b9ffcced25517f71101fb0,0.0,2014-12-22
602,0xc4595e3966e0ce6e3c46854647611940a09448d3,0.0,2014-12-22
603,0xc5ecee6d94f72b6c456e3032f383284cca36b70a,0.0,2014-12-22
604,0xc8046263d5b5544f6413a98b4693488499195a46,0.0,2014-12-22
605,0xc83d02d366b882202828f47a1c6fecb8fee1192e,0.0,2014-12-22
606,0xc90bffb8955e2d69780de7a43a11cf113d5e476d,0.0,2014-12-22
607,0xcadf4ffa3c2fc4784ba064928f403aee7b02d80e,0.0,2014-12-22
608,0xcb3a0940df2781ed8c0d07c536f7cc39ed4d933b,0.0,2014-12-22
609,0xcbd75d63f98c5ff5d7157edf06abef8a8325c24d,0.0,2014-12-22
610,0xcd9e13b2f3bfc26cd99989fb849a2751932595c4,0.0,2014-12-22
611,0xcf99a481076186a44070c3158cf75c8cf00f84fc,13.632804157055766,2014-12-22
612,0xd234ca832efbd43819dcc96e25d0586d4e5d976f,0.0,2014-12-22
613,0xd241ed81b52a1b67098072b73f22fda9d253e827,0.0,2014-12-22
614,0xd434cea7207d2e330dd1129d777191dee6b7c37d,0.0,2014-12-22
615,0xd59e5b41482ee6283c22e1a6a20756da512ffa97,0.0,2014-12-22
616,0xd89a0a4f088d9e47710e14257d4c5a7f9fd63c6d,0.0,2014-12-22
617,0xd8c07491caa1edf960db3ceff387426d53942ea0,4828.427872437689,2014-12-22
618,0xd911560979b78821d7b045c79e36e9cbfc2f6c6f,0.0,2014-12-22
619,0xdd28d64e40e00af54a0b5147539a515c4a0bc1c5,0.0,2014-12-22
620,0xdd4d3ed43e53185f4dbc467151ab2cb3142def52,0.0,2014-12-22
621,0xdfee68a9adb981cd08699891a11cabe10f25ec44,0.0,2014-12-22
622,0xdff523be6002e59a4a2242d99afccb502d4ed020,0.0,2014-12-22
623,0xe06ffa8146bbdeccbaaf72b6043b29091071aeb8,0.0,2014-12-22
624,0xe07025d4ce7881b7f50d4d6b954e43590dcb1092,0.0,2014-12-22
625,0xe0a9efe32985cc306255b395a1bd06d21ccead42,0.0,2014-12-22
626,0xe1f08d771fb7b248b3266b7f79a9eafba3147c2d,0.0,2014-12-22
627,0xe35f24470730f5a488da9721548c1ab0b65b53d5,0.0,2014-12-22
628,0xe37b5e4de6c4c6e3a1b5d914722a7daaf37590d0,0.0,2014-12-22
629,0xe8c060f8052e07423f71d445277c61ac5138a2e5,1e-18,2014-12-22
630,0xe9137b423713667f6c3ac6565b81aa005640212c,0.0,2014-12-22
631,0xede2fafba9e23418485f49f052d0e1d332853e0f,0.001801859600528989,2014-12-22
632,0xeef86c2e49e11345f1a693675df9a38f7d880c8f,14.692303224667087,2014-12-22
633,0xef1de056b83032d6d19796ef85e7e60d72281968,0.0,2014-12-22
634,0xef6e90098e54aa0cbb26c5cc68e040a59fad8758,0.0,2014-12-22
635,0xf1243ea5b8b1ec27ee03c1c158a86470726e2905,0.0,2014-12-22
636,0xf17131e60edb07d73f812058d50992639987665b,0.0,2014-12-22
637,0xf2a0aaecaeef1a00d1eb6178fb30de5695519abf,0.0,2014-12-22
638,0xf3b2d1395cb4536a931b2fa53dc7687e4c6f5411,0.0,2014-12-22
639,0xf6d78d9c50ffbc2917e374fd185b8ff89c55effc,1e-18,2014-12-22
640,0xf71530c1f043703085b42608ff9dcccc43210a8e,0.0,2014-12-22
641,0xf7c517e7e545d8f3286d336372b65995b81b91c2,0.0,2014-12-22
642,0xfbf6b914a5c1355db7a6aa63df81f24aca987358,0.0,2014-12-22
643,0xff2fbc735d33ae830f056107f1b551783ec4ed5b,0.0,2014-12-22
644,0xff62dfadca3b5643d0b283571fe154d886580c0c,0.0,2014-12-22
